country_code,country,year,total_all_causes,cardiovascular,ischaemic_heart,stroke,all_cancers,colorectal_cancer,lung_cancer,diabetes,liver_cirrhosis,alcohol_disorders,respiratory,suicide
AT,Austria,1994,,748.1,284.5,174.9,311.8,44.8,51.1,27.2,32.1,2.5,60.8,
AT,Austria,1995,,748.5,288.1,170.6,310.1,43.9,50.2,29.9,31.8,3.7,58.5,
AT,Austria,1996,,745.5,283.7,177.5,301.7,43.5,50.9,27.8,31.5,4.2,59.4,
AT,Austria,1997,,726.1,284.6,171.0,300.1,42.0,50.9,26.8,29.4,3.8,59.9,
AT,Austria,1998,,712.5,289.2,162.4,294.3,40.6,51.3,23.1,28.2,4.0,59.1,
AT,Austria,1999,,696.3,280.5,156.2,291.0,41.6,49.5,24.5,25.6,3.9,66.6,
AT,Austria,2000,,653.7,261.5,145.4,287.8,39.8,49.0,22.2,26.2,3.9,66.1,
AT,Austria,2001,,619.2,249.0,131.9,279.6,37.6,47.4,23.0,25.1,4.4,62.4,
AT,Austria,2002,,596.6,260.9,131.4,277.3,37.8,49.9,31.3,23.1,3.8,65.2,
AT,Austria,2003,,570.0,253.5,120.5,283.2,38.6,47.7,46.4,23.6,4.9,82.2,
AT,Austria,2004,,524.1,237.9,90.2,279.5,35.3,48.0,56.7,22.6,5.1,70.3,
AT,Austria,2005,,507.2,230.1,85.5,272.0,34.8,46.8,54.9,21.6,4.3,71.3,
AT,Austria,2006,,485.0,221.6,83.1,266.1,33.3,47.1,52.7,19.3,4.5,65.0,
AT,Austria,2007,,471.9,215.4,77.6,259.8,30.6,46.5,43.9,20.6,4.9,64.8,
AT,Austria,2008,,448.1,199.9,74.0,266.1,30.4,48.0,46.7,18.1,5.4,56.8,
AT,Austria,2009,,447.1,199.6,69.6,258.8,28.4,46.6,44.1,19.6,6.2,56.4,
AT,Austria,2010,,433.2,195.0,67.0,255.5,28.0,47.1,39.5,18.4,5.3,55.1,
AT,Austria,2011,998.52,440.49,195.15,65.81,256.52,28.18,45.95,38.44,17.11,5.31,53.98,
AT,Austria,2012,1019.29,453.45,199.16,68.49,255.86,27.34,46.15,38.68,18.33,5.56,52.02,
AT,Austria,2013,998.03,443.88,191.78,66.24,249.7,27.19,45.93,36.12,17.0,5.53,50.55,
AT,Austria,2014,957.32,418.17,179.18,61.62,249.29,26.37,47.5,38.55,16.06,5.39,46.63,
AT,Austria,2015,990.02,435.61,181.75,62.7,243.29,24.52,46.65,41.73,16.59,6.04,54.5,
AT,Austria,2016,939.7,397.43,167.54,54.93,237.19,24.99,46.6,39.0,15.99,5.7,51.83,
AT,Austria,2017,952.19,388.53,163.48,55.49,234.32,24.76,45.07,36.62,14.93,5.63,62.32,
AT,Austria,2018,,376.99,158.78,52.47,234.02,23.51,46.33,35.17,14.22,6.15,64.02,
AT,Austria,2019,,362.89,150.21,53.19,229.64,23.29,44.95,29.84,14.29,5.6,59.79,
AT,Austria,2020,,360.98,148.9,52.21,230.54,23.39,44.71,31.26,14.97,6.18,53.87,
AT,Austria,2021,,343.27,136.25,49.54,224.73,22.06,44.51,35.62,14.98,6.81,44.09,
AT,Austria,2022,988.92,346.61,139.48,48.6,226.08,21.13,44.38,37.64,15.55,6.69,52.51,
AT,Austria,2023,938.97,333.44,130.42,45.98,221.18,21.81,43.68,35.42,14.82,6.9,57.66,
BE,Belgium,1994,,517.5,154.7,130.8,344.8,41.8,,21.0,14.2,2.9,123.8,
BE,Belgium,1995,,511.7,155.9,125.0,344.4,40.1,,21.4,13.9,2.1,132.2,
BE,Belgium,1996,,505.6,153.1,125.0,333.4,39.6,,20.5,13.8,2.6,138.4,
BE,Belgium,1997,,484.7,148.3,121.8,333.1,38.7,,21.3,15.1,2.2,136.4,
BE,Belgium,1998,,475.1,163.4,110.0,324.9,37.9,73.6,20.7,14.2,3.4,150.2,
BE,Belgium,1999,,462.2,151.2,106.4,314.8,37.5,69.9,29.7,13.6,2.9,144.4,
BE,Belgium,2003,,446.9,143.5,100.9,288.8,32.6,67.2,19.6,11.7,3.0,154.4,
BE,Belgium,2004,,419.7,136.2,95.5,282.7,32.2,65.6,19.4,11.7,3.1,133.6,
BE,Belgium,2005,,400.6,129.2,89.8,283.2,32.7,68.2,19.4,11.7,3.2,140.9,
BE,Belgium,2006,,367.0,112.7,82.9,277.1,31.7,67.7,17.6,11.5,2.9,123.5,
BE,Belgium,2007,,356.7,109.2,79.2,276.2,31.3,66.3,17.3,11.6,3.2,121.8,
BE,Belgium,2008,,345.7,102.4,78.2,277.9,30.9,67.2,18.1,12.3,3.6,119.1,
BE,Belgium,2009,,330.1,96.5,74.3,271.6,30.9,65.1,17.9,11.9,3.6,114.2,
BE,Belgium,2010,,317.1,91.6,69.9,270.1,29.0,66.8,16.0,11.2,3.3,107.3,
BE,Belgium,2011,1027.36,313.04,85.22,69.28,267.88,29.03,65.59,15.82,11.24,3.36,105.54,
BE,Belgium,2012,1056.41,310.76,82.92,68.62,260.41,29.08,60.94,16.64,12.31,3.99,111.89,
BE,Belgium,2013,1035.24,301.31,78.46,66.34,259.57,27.75,61.9,15.33,11.38,4.08,109.21,
BE,Belgium,2014,970.8,281.99,72.4,63.36,252.64,26.06,61.55,14.4,11.77,3.52,95.72,
BE,Belgium,2015,1001.94,287.49,72.25,62.39,249.72,26.19,58.29,13.74,12.29,3.76,108.87,
BE,Belgium,2016,960.71,268.87,66.89,60.34,246.54,25.15,57.84,12.9,11.8,3.5,100.56,
BE,Belgium,2017,955.7,260.59,64.97,57.79,238.49,25.36,52.54,13.39,11.28,3.85,107.5,
BE,Belgium,2018,,237.8,60.91,55.86,231.03,23.01,52.52,13.01,11.95,3.42,111.86,
BE,Belgium,2019,,228.99,56.34,51.86,229.29,22.75,51.7,12.4,11.32,3.26,102.81,
BE,Belgium,2020,,217.88,51.98,48.65,223.18,21.57,49.44,12.59,11.3,3.68,86.76,
BE,Belgium,2021,,216.99,51.73,48.03,220.09,20.55,49.31,11.35,11.31,3.25,75.94,
BE,Belgium,2022,938.43,221.55,51.68,48.59,218.24,20.78,49.17,11.08,12.29,3.58,94.23,
BE,Belgium,2023,881.8,209.6,47.98,45.35,216.1,20.31,47.78,10.66,11.5,3.31,95.69,
BG,Bulgaria,1995,,1374.0,437.1,401.0,230.4,30.8,44.3,34.1,25.7,1.9,91.1,
BG,Bulgaria,1996,,1440.8,424.4,399.8,231.5,34.3,43.2,33.4,24.1,1.1,97.5,
BG,Bulgaria,1997,,1585.5,457.2,410.5,229.9,32.8,41.1,35.3,23.5,1.1,101.3,
BG,Bulgaria,1998,,1551.7,436.8,410.0,226.5,33.0,40.1,31.6,22.9,1.4,87.8,
BG,Bulgaria,1999,,1395.5,392.5,375.4,226.6,32.1,41.1,29.7,20.1,1.1,77.3,
BG,Bulgaria,2000,,1418.0,365.0,385.1,218.1,32.8,39.0,32.1,20.8,1.1,78.7,
BG,Bulgaria,2001,,1354.9,357.1,365.4,219.7,32.0,39.3,29.8,20.8,1.1,62.2,
BG,Bulgaria,2002,,1378.5,367.6,377.9,223.9,32.2,40.6,28.9,19.7,0.8,55.2,
BG,Bulgaria,2003,,1357.1,342.7,367.2,220.7,31.4,41.4,29.4,17.6,0.8,58.6,
BG,Bulgaria,2004,,1301.3,316.5,347.5,226.9,31.5,42.0,28.6,19.4,1.0,53.1,
BG,Bulgaria,2005,,1288.4,298.8,377.3,249.7,36.4,47.0,27.7,21.9,0.7,72.7,
BG,Bulgaria,2006,,1256.9,267.9,378.8,244.4,34.7,44.4,31.8,20.1,0.5,66.8,
BG,Bulgaria,2007,,1226.1,244.6,378.3,247.4,36.9,45.4,30.7,22.2,0.3,71.3,
BG,Bulgaria,2008,,1163.7,227.9,361.9,249.4,36.6,46.2,31.0,23.1,0.4,69.7,
BG,Bulgaria,2009,,1137.7,207.6,337.0,233.6,34.6,43.2,28.2,21.1,0.4,62.2,
BG,Bulgaria,2010,,1176.0,206.4,345.9,226.9,34.5,43.4,25.1,19.0,0.4,61.4,
BG,Bulgaria,2011,1693.99,1184.95,202.24,328.02,229.22,32.22,44.01,22.78,19.26,0.23,61.48,
BG,Bulgaria,2012,1714.27,1172.27,224.39,351.04,248.77,35.68,47.2,24.24,21.97,0.29,62.0,
BG,Bulgaria,2013,1604.92,1087.01,199.82,324.86,246.22,35.52,47.67,19.79,20.99,0.17,54.05,
BG,Bulgaria,2014,1648.69,1132.16,195.79,352.93,242.76,34.87,45.58,20.93,20.71,0.34,58.33,
BG,Bulgaria,2015,1660.22,1133.08,201.31,332.9,241.92,34.14,44.78,25.14,22.62,0.41,60.4,
BG,Bulgaria,2016,1601.88,1094.91,188.31,303.83,232.05,33.38,43.78,22.63,23.37,0.34,64.99,
BG,Bulgaria,2017,1621.74,1107.96,193.67,311.29,232.44,33.22,43.69,21.14,22.75,0.27,67.29,
BG,Bulgaria,2018,,1075.93,180.28,314.06,232.54,33.21,43.33,23.09,22.57,0.44,70.84,
BG,Bulgaria,2019,,1051.87,194.51,311.1,242.23,36.54,44.93,20.82,24.99,0.44,60.22,
BG,Bulgaria,2020,,1119.67,224.71,329.24,245.33,35.95,44.83,24.12,24.16,0.65,84.05,
BG,Bulgaria,2021,,1210.96,238.95,353.89,229.41,34.89,42.28,24.32,24.96,0.57,95.66,
BG,Bulgaria,2022,1716.32,1074.26,200.63,301.2,217.26,33.67,37.71,17.25,25.54,0.24,79.65,
BG,Bulgaria,2023,1455.33,923.07,182.22,269.14,221.3,33.48,40.88,19.05,25.85,0.38,69.89,
CY,Cyprus,2004,,481.1,145.1,96.5,208.4,20.6,34.3,83.8,9.4,0.5,88.9,
CY,Cyprus,2005,,510.7,154.1,104.3,206.4,15.5,35.4,80.0,9.9,0.2,90.9,
CY,Cyprus,2006,,473.0,149.6,116.0,200.7,19.1,30.5,76.5,8.0,0.6,81.7,
CY,Cyprus,2007,,458.4,160.2,89.7,207.9,23.4,30.0,74.9,7.4,0.8,90.2,
CY,Cyprus,2008,,429.0,133.9,88.1,211.0,16.7,32.3,69.7,7.6,0.7,78.1,
CY,Cyprus,2009,,406.5,129.6,80.7,208.9,17.5,38.8,62.3,6.8,0.8,83.9,
CY,Cyprus,2010,,386.5,114.1,78.2,197.1,17.3,32.3,62.9,8.9,0.4,73.9,
CY,Cyprus,2011,1029.98,418.29,127.47,85.68,194.66,15.9,39.18,73.8,6.76,0.34,79.56,
CY,Cyprus,2012,1062.44,405.52,116.61,83.14,206.08,20.6,40.19,71.01,5.61,0.49,90.49,
CY,Cyprus,2013,951.52,341.57,104.18,71.86,202.34,19.57,36.16,69.7,8.43,0.78,84.32,
CY,Cyprus,2014,980.1,352.13,108.73,70.66,200.39,16.73,36.9,72.36,7.01,0.73,86.22,
CY,Cyprus,2015,1047.48,372.76,107.76,66.91,206.72,19.31,35.42,65.48,5.85,0.65,108.42,
CY,Cyprus,2016,966.21,331.55,100.07,66.52,193.8,17.95,37.5,53.3,5.23,0.25,95.64,
CY,Cyprus,2017,1042.15,347.89,104.86,70.96,208.47,20.76,42.78,58.01,6.26,0.27,112.68,
CY,Cyprus,2018,,292.68,95.49,61.33,204.56,20.69,36.87,55.25,6.03,0.53,91.88,
CY,Cyprus,2019,,271.18,81.51,60.72,195.35,19.46,30.78,56.06,7.37,0.38,106.32,
CY,Cyprus,2020,,287.66,90.4,52.57,205.46,18.98,41.18,59.73,7.69,0.5,98.19,
CY,Cyprus,2021,,280.83,79.15,53.04,213.15,18.67,42.35,73.0,7.44,0.48,80.71,
CY,Cyprus,2022,1018.24,257.76,74.24,54.01,188.78,16.35,38.95,68.35,7.0,0.6,84.49,
CY,Cyprus,2023,876.48,215.21,56.85,42.78,181.21,17.3,32.96,53.13,7.16,0.56,94.74,
CZ,Czechia,1994,,1088.7,493.7,330.8,389.0,62.8,72.2,19.8,20.2,0.6,75.9,
CZ,Czechia,1995,,1086.9,484.3,307.8,394.0,62.6,75.3,13.0,19.8,0.5,81.7,
CZ,Czechia,1996,,1026.0,434.6,285.5,379.3,60.9,71.5,11.9,19.3,0.4,75.0,
CZ,Czechia,1997,,1025.7,405.9,255.1,376.9,61.6,70.6,14.7,19.2,0.4,67.2,
CZ,Czechia,1998,,973.6,369.0,277.3,375.3,60.3,68.6,21.8,20.5,0.7,62.5,
CZ,Czechia,1999,,960.2,373.5,281.9,371.6,60.9,69.5,16.9,20.0,0.6,71.5,
CZ,Czechia,2000,,926.2,355.4,286.9,376.9,60.7,71.0,20.4,19.8,0.9,75.6,
CZ,Czechia,2001,,917.0,349.7,279.6,370.8,59.8,69.5,17.2,19.6,1.1,70.6,
CZ,Czechia,2002,,913.1,343.8,273.0,373.9,60.0,68.2,18.0,19.7,1.0,71.1,
CZ,Czechia,2003,,934.4,342.0,280.0,374.4,61.6,66.7,20.5,20.3,1.6,80.0,
CZ,Czechia,2004,,868.4,317.3,235.7,370.3,59.9,67.3,18.9,19.3,1.7,69.9,
CZ,Czechia,2005,,850.5,353.1,231.8,347.8,54.8,64.8,19.4,20.1,2.6,88.5,
CZ,Czechia,2006,,780.2,336.9,212.3,340.0,52.4,64.0,19.9,19.5,1.7,81.1,
CZ,Czechia,2007,,748.1,374.7,169.8,326.7,48.0,61.8,32.8,20.7,1.5,77.4,
CZ,Czechia,2008,,719.8,357.0,164.3,321.7,47.2,60.2,25.5,20.4,1.7,75.5,
CZ,Czechia,2009,,726.1,345.3,167.0,317.7,45.8,59.8,24.7,19.4,1.3,81.5,
CZ,Czechia,2010,,698.8,327.7,153.5,314.1,44.9,60.1,23.9,19.1,1.3,76.4,
CZ,Czechia,2011,1335.44,716.35,366.54,148.25,301.46,42.01,59.47,29.2,18.48,1.35,72.87,
CZ,Czechia,2012,1328.12,707.95,361.94,142.7,298.57,41.58,58.24,26.98,18.12,1.34,72.89,
CZ,Czechia,2013,1308.17,670.2,364.38,134.57,289.66,39.29,55.49,45.1,18.29,1.28,81.96,
CZ,Czechia,2014,1237.38,615.18,333.08,119.44,284.55,37.88,53.06,41.8,17.51,1.15,73.35,
CZ,Czechia,2015,1280.23,629.0,333.32,118.24,278.62,37.8,52.23,43.48,17.78,1.27,86.57,
CZ,Czechia,2016,1206.06,569.95,286.96,105.36,277.03,36.49,51.81,43.26,16.98,1.26,80.47,
CZ,Czechia,2017,1223.84,577.29,287.77,99.48,272.89,36.31,52.51,41.53,18.61,1.2,89.61,
CZ,Czechia,2018,,556.77,267.5,90.31,272.08,34.89,49.79,46.51,18.95,1.2,89.6,
CZ,Czechia,2019,,529.55,250.75,82.46,272.38,34.63,49.65,45.56,19.35,1.57,86.42,
CZ,Czechia,2020,,557.77,260.8,82.3,267.97,33.41,48.87,52.46,19.51,1.81,86.04,
CZ,Czechia,2021,,525.62,242.23,77.09,257.03,32.15,44.94,52.62,21.32,2.03,79.03,
CZ,Czechia,2022,1233.27,505.5,217.75,73.68,258.35,32.39,45.05,49.82,21.54,2.05,86.6,
CZ,Czechia,2023,1124.78,463.75,193.59,67.57,250.43,30.83,43.67,49.37,19.5,1.93,85.8,
DE,Germany,1994,,697.5,288.6,170.5,320.1,46.9,,35.9,27.2,7.7,85.3,
DE,Germany,1995,,682.2,288.3,162.1,316.3,46.2,,36.6,26.4,7.4,85.3,
DE,Germany,1996,,668.2,281.0,157.4,312.4,45.8,,37.0,25.8,7.4,84.0,
DE,Germany,1997,,646.9,274.9,147.4,305.2,44.3,,34.5,24.9,7.5,77.9,
DE,Germany,1998,,634.2,272.9,140.8,306.4,43.8,,31.6,23.1,7.3,75.1,
DE,Germany,1999,,616.7,263.6,131.8,299.3,42.7,,31.6,22.5,7.0,77.7,
DE,Germany,2000,,589.0,247.9,121.7,293.8,41.4,,31.4,22.3,6.2,76.7,
DE,Germany,2001,,578.1,241.1,117.1,284.8,39.8,,32.0,21.8,5.7,70.9,
DE,Germany,2002,,581.0,240.1,115.0,284.2,39.9,,34.2,21.9,5.8,78.1,
DE,Germany,2003,,586.9,238.0,111.4,279.6,39.1,,34.5,21.4,6.0,84.5,
DE,Germany,2004,,537.3,218.7,100.0,274.9,37.3,,33.6,19.9,5.7,75.1,
DE,Germany,2005,,520.6,207.2,95.1,272.7,36.3,,33.7,19.3,5.9,80.4,
DE,Germany,2006,,489.3,194.0,88.6,267.6,35.0,,29.9,18.5,5.5,73.7,
DE,Germany,2007,,473.2,183.2,81.8,263.0,33.3,,28.4,17.3,5.6,75.4,
DE,Germany,2008,,458.4,171.6,81.0,263.8,32.9,,28.4,17.3,5.6,74.9,
DE,Germany,2009,,445.9,168.1,78.3,259.4,31.6,50.3,28.2,16.8,5.5,78.2,
DE,Germany,2010,,429.0,160.9,74.7,258.3,30.8,50.5,27.9,16.7,5.7,72.8,
DE,Germany,2011,1064.47,440.42,161.08,74.99,263.53,31.57,51.72,29.54,16.56,5.78,74.42,
DE,Germany,2012,1066.3,439.75,158.91,72.9,259.32,30.58,51.64,29.51,16.16,5.79,73.51,
DE,Germany,2013,1072.4,435.15,155.88,70.74,257.92,29.8,51.42,28.88,16.15,6.31,77.25,
DE,Germany,2014,1017.32,403.67,142.89,64.89,253.25,28.99,50.95,26.32,15.37,5.83,67.97,
DE,Germany,2015,1057.59,412.95,147.05,64.98,252.09,28.34,50.6,27.67,15.67,6.23,77.27,
DE,Germany,2016,1017.25,381.33,136.55,62.17,253.22,27.75,50.64,25.49,16.15,6.1,71.24,
DE,Germany,2017,1022.94,379.97,137.85,60.27,246.55,26.3,49.39,26.98,15.81,5.68,74.56,
DE,Germany,2018,,373.63,133.58,59.0,245.95,26.48,48.6,26.43,15.53,5.64,76.84,
DE,Germany,2019,,349.87,125.53,55.35,243.75,25.82,48.01,24.9,15.22,5.29,70.48,
DE,Germany,2020,,348.27,124.97,54.39,240.28,25.22,47.5,26.37,15.88,5.46,63.18,
DE,Germany,2021,,345.05,122.96,53.3,235.74,24.1,47.0,26.08,16.42,5.39,58.31,
DE,Germany,2022,1084.62,361.47,127.53,55.25,237.33,24.01,47.37,26.91,16.59,5.93,68.69,
DE,Germany,2023,1040.97,349.67,120.52,52.9,234.78,23.62,46.78,25.47,15.97,6.05,73.29,
DK,Denmark,1994,,615.8,318.5,134.9,374.3,51.1,81.6,20.0,17.1,5.2,124.1,
DK,Denmark,1995,,622.5,315.3,138.5,374.8,50.2,83.9,19.1,18.7,4.9,139.9,
DK,Denmark,1996,,558.1,271.9,135.3,360.7,49.8,80.3,15.1,15.5,6.1,140.6,
DK,Denmark,1997,,541.5,264.6,126.5,360.1,51.5,81.0,26.2,18.9,5.5,133.4,
DK,Denmark,1998,,519.1,244.3,121.9,357.2,49.3,77.1,28.4,17.1,6.8,128.9,
DK,Denmark,1999,,519.3,239.7,120.8,360.3,49.7,79.1,32.4,17.4,10.7,136.5,
DK,Denmark,2000,,493.6,219.0,120.1,359.0,48.5,79.8,33.7,16.6,9.9,125.8,
DK,Denmark,2001,,498.2,221.2,121.2,355.6,48.9,79.6,32.2,16.6,10.5,127.7,
DK,Denmark,2002,,485.9,196.0,128.1,341.9,45.9,76.1,33.9,15.9,12.4,138.8,
DK,Denmark,2003,,468.8,184.4,124.4,339.2,45.1,77.9,31.5,16.6,11.5,138.8,
DK,Denmark,2004,,434.7,168.0,117.6,342.2,45.1,81.2,29.6,16.2,14.3,127.9,
DK,Denmark,2005,,409.7,155.7,110.9,340.7,45.7,80.1,30.3,16.2,14.3,122.0,
DK,Denmark,2006,,388.1,142.5,106.0,343.8,46.6,82.9,29.1,17.3,15.2,121.0,
DK,Denmark,2007,,363.1,134.1,95.0,327.2,40.2,73.4,28.8,15.8,16.4,129.0,
DK,Denmark,2008,,336.2,124.3,87.5,324.4,43.2,78.2,28.1,16.9,16.6,126.9,
DK,Denmark,2009,,322.8,119.7,84.0,314.4,41.6,75.6,28.5,16.5,14.2,134.2,
DK,Denmark,2011,1115.45,295.36,100.14,76.95,317.64,41.02,73.23,29.5,14.75,12.61,128.27,
DK,Denmark,2012,1091.99,288.21,95.29,73.79,315.65,39.31,75.31,27.77,14.36,12.96,124.87,
DK,Denmark,2013,1074.09,267.77,86.91,70.58,301.57,36.61,71.95,27.28,12.54,12.58,127.56,
DK,Denmark,2014,1028.53,256.73,81.05,69.28,300.64,35.24,71.67,26.23,12.93,11.49,115.71,
DK,Denmark,2015,1032.58,253.2,75.99,68.78,292.29,35.32,68.74,26.69,11.23,12.24,117.56,
DK,Denmark,2016,1016.28,248.43,73.1,64.81,293.56,35.8,66.76,27.31,11.71,11.53,116.94,
DK,Denmark,2017,1005.8,240.1,69.52,62.22,284.68,33.35,65.99,25.5,12.29,9.25,122.17,
DK,Denmark,2018,,235.71,64.76,62.35,279.8,32.21,60.88,26.37,11.44,8.06,127.64,
DK,Denmark,2019,,215.33,61.46,56.09,282.5,31.58,61.79,24.21,12.39,7.29,112.34,
DK,Denmark,2020,,207.38,59.99,54.33,271.04,28.83,57.16,22.32,11.73,7.32,101.33,
DK,Denmark,2021,,211.84,59.45,53.95,270.58,30.27,56.52,23.43,11.91,8.33,104.16,
DK,Denmark,2022,1011.87,210.79,56.69,52.72,259.62,27.66,55.63,22.69,10.86,7.49,107.28,
DK,Denmark,2023,970.72,208.21,54.71,53.21,262.73,27.01,53.85,23.23,11.24,7.67,114.26,
EE,Estonia,1994,,1333.3,836.2,407.1,289.9,35.6,57.9,9.8,13.7,2.6,58.9,
EE,Estonia,1995,,1251.4,778.2,384.2,296.4,35.8,60.5,8.5,16.7,3.1,55.8,
EE,Estonia,1996,,1149.1,717.3,349.4,296.4,34.0,58.0,7.7,13.6,1.8,53.7,
EE,Estonia,1997,,1095.6,662.5,337.3,301.6,34.1,60.5,9.1,17.7,0.6,47.8,
EE,Estonia,1998,,1150.7,708.2,341.9,309.8,34.8,59.9,11.0,22.3,1.1,56.6,
EE,Estonia,1999,,1086.7,665.1,321.8,292.8,36.9,56.5,11.2,18.8,1.6,47.6,
EE,Estonia,2000,,1056.4,643.9,308.6,301.6,34.7,58.1,11.1,21.4,1.6,55.4,
EE,Estonia,2001,,1049.0,632.8,301.2,293.4,33.9,58.5,14.3,25.0,4.7,51.2,
EE,Estonia,2002,,1046.4,618.8,297.1,303.4,38.3,58.1,11.4,24.8,4.7,50.9,
EE,Estonia,2003,,1040.5,603.1,287.5,294.4,32.1,60.1,14.3,22.7,11.4,54.4,
EE,Estonia,2004,,972.6,541.4,250.2,304.3,36.9,54.8,25.7,23.1,10.4,51.4,
EE,Estonia,2005,,948.3,513.4,237.7,302.8,37.4,53.6,19.7,25.2,14.7,43.5,
EE,Estonia,2006,,918.5,496.5,222.9,305.5,37.5,59.0,21.0,24.9,11.3,43.3,
EE,Estonia,2007,,874.2,461.8,176.7,297.2,34.9,58.0,21.4,29.0,17.1,41.2,
EE,Estonia,2008,,860.1,444.5,146.3,297.6,34.3,58.0,19.1,28.4,12.3,41.9,
EE,Estonia,2009,,813.7,408.1,126.9,293.1,35.5,49.6,17.4,20.3,8.8,38.1,
EE,Estonia,2010,,786.5,393.4,120.1,292.6,34.4,52.0,12.7,21.4,6.8,35.5,
EE,Estonia,2011,1330.24,755.67,367.62,110.63,294.53,35.5,52.19,13.51,18.67,7.28,35.13,
EE,Estonia,2012,1321.56,749.01,365.21,92.62,292.13,33.82,53.92,10.25,17.7,7.81,37.14,
EE,Estonia,2013,1283.83,718.16,311.08,101.38,291.13,36.45,51.46,11.86,18.88,4.92,42.59,
EE,Estonia,2014,1269.42,699.56,295.49,77.97,299.41,35.95,55.32,12.0,20.05,4.51,43.78,
EE,Estonia,2015,1236.76,665.68,269.97,69.12,299.09,36.46,52.74,10.67,23.47,4.95,42.88,
EE,Estonia,2016,1206.88,643.31,252.17,73.65,287.6,37.82,51.04,14.21,22.9,4.88,43.17,
EE,Estonia,2017,1186.88,621.5,235.39,68.53,286.78,37.38,48.06,14.99,21.29,4.83,42.58,
EE,Estonia,2018,,605.73,222.87,66.55,292.44,36.69,50.15,17.08,23.81,3.95,48.52,
EE,Estonia,2019,,570.34,175.82,80.78,279.45,36.05,47.65,18.0,24.64,3.58,43.74,
EE,Estonia,2020,,560.24,154.91,78.67,265.03,29.78,44.59,24.3,31.41,4.98,37.19,
EE,Estonia,2021,,599.43,156.21,77.87,265.76,34.31,43.66,26.31,34.74,6.14,44.15,
EE,Estonia,2022,1220.11,574.96,152.26,69.14,246.71,32.17,39.52,29.68,36.37,5.71,44.5,
EE,Estonia,2023,1106.0,521.57,140.52,67.58,237.98,28.83,40.1,29.15,30.54,5.52,45.33,
EL,Greece,1994,,707.1,154.0,269.5,260.4,19.3,60.6,9.4,10.1,0.4,76.1,
EL,Greece,1995,,720.3,160.9,272.3,263.0,19.0,59.0,10.2,7.8,0.6,81.2,
EL,Greece,1996,,714.2,164.6,255.7,264.0,19.7,60.0,11.8,7.0,0.6,79.3,
EL,Greece,1997,,701.9,162.3,257.7,263.2,19.9,59.3,10.1,6.9,0.4,76.4,
EL,Greece,1998,,716.2,148.9,263.2,259.4,20.4,59.7,7.8,6.4,0.1,92.8,
EL,Greece,1999,,697.6,153.9,254.0,267.8,25.5,59.6,9.5,7.1,0.1,96.7,
EL,Greece,2000,,695.6,153.9,255.7,268.5,21.7,59.9,9.9,7.6,0.2,106.1,
EL,Greece,2001,,678.9,155.3,250.7,273.3,22.5,59.7,8.1,7.3,0.1,92.8,
EL,Greece,2002,,672.5,153.2,247.8,267.7,22.5,59.1,9.3,6.9,0.2,99.7,
EL,Greece,2003,,675.7,161.0,242.2,267.9,22.8,59.2,9.7,7.1,0.2,97.0,
EL,Greece,2004,,649.4,156.2,228.9,270.5,23.4,60.2,11.3,6.8,0.2,97.9,
EL,Greece,2005,,604.9,136.9,213.5,267.6,22.8,58.9,11.4,7.2,0.2,101.5,
EL,Greece,2006,,588.8,133.7,202.7,257.9,21.7,58.3,13.7,7.8,0.2,105.2,
EL,Greece,2007,,563.6,126.9,185.8,263.0,22.7,58.2,13.7,7.2,0.4,116.3,
EL,Greece,2008,,534.2,115.8,175.5,262.7,22.6,59.4,12.3,7.3,0.3,112.4,
EL,Greece,2009,,502.3,115.1,161.5,255.3,22.5,58.7,10.1,7.5,0.2,111.9,
EL,Greece,2010,,461.2,105.2,143.8,247.1,21.7,58.0,9.9,6.9,0.2,100.6,
EL,Greece,2011,1029.32,448.96,103.7,140.58,245.13,21.88,59.32,10.26,7.25,0.27,97.2,
EL,Greece,2012,1051.71,452.74,104.0,143.21,248.66,22.43,59.91,10.08,6.88,0.2,103.4,
EL,Greece,2013,978.32,405.98,98.29,130.43,250.87,21.85,61.65,11.97,7.25,0.12,95.96,
EL,Greece,2014,967.28,381.72,103.09,119.59,249.46,23.33,61.98,13.86,6.64,0.12,108.11,
EL,Greece,2015,1003.37,381.32,101.2,117.6,249.99,23.23,61.77,14.64,6.37,0.3,121.67,
EL,Greece,2016,957.87,351.46,95.21,108.25,249.45,23.37,60.9,14.18,6.4,0.23,109.18,
EL,Greece,2017,980.9,364.17,104.68,105.77,245.36,21.66,60.74,16.68,6.29,0.34,106.13,
EL,Greece,2018,,337.71,99.82,94.08,241.69,21.34,59.24,17.29,5.62,0.23,94.73,
EL,Greece,2019,,327.58,105.27,94.85,240.99,22.38,59.21,18.32,5.7,0.37,99.36,
EL,Greece,2020,,335.13,106.06,94.04,240.76,21.51,58.0,18.5,6.0,0.35,90.18,
EL,Greece,2021,,339.51,111.42,89.5,238.9,21.52,57.13,19.37,5.85,0.44,93.64,
EL,Greece,2022,1056.47,324.63,99.44,82.89,229.97,21.47,55.1,20.34,5.56,0.68,94.67,
EL,Greece,2023,958.94,297.91,89.23,72.01,232.52,22.36,53.74,20.28,5.88,0.44,92.66,
ES,Spain,1994,,489.4,127.7,156.0,282.6,33.3,51.5,32.5,22.3,0.9,114.7,
ES,Spain,1995,,479.1,130.5,147.1,282.8,33.8,52.1,32.4,21.4,0.9,120.4,
ES,Spain,1996,,472.1,132.1,138.9,277.2,34.1,50.6,31.0,20.7,0.9,122.3,
ES,Spain,1997,,452.7,129.7,132.0,277.0,34.2,50.8,30.0,19.4,0.7,120.3,
ES,Spain,1998,,451.2,130.2,129.1,276.1,34.6,51.8,31.4,18.6,0.8,128.0,
ES,Spain,1999,,430.1,128.7,127.3,275.3,34.8,51.6,31.2,15.9,0.9,147.6,
ES,Spain,2000,,398.8,121.1,116.9,272.0,35.0,50.5,29.0,14.8,0.8,130.2,
ES,Spain,2001,,386.6,117.3,114.3,274.5,35.5,52.1,29.4,14.3,1.0,116.2,
ES,Spain,2002,,382.3,116.7,109.8,269.3,35.2,50.9,29.3,14.0,0.8,125.9,
ES,Spain,2003,,384.7,116.8,110.7,268.8,35.2,51.8,29.6,13.5,0.9,130.0,
ES,Spain,2004,,356.9,109.5,98.8,264.7,35.8,51.5,28.4,13.0,0.9,112.9,
ES,Spain,2005,,354.5,107.8,97.0,257.4,34.8,50.6,28.6,12.9,0.8,131.7,
ES,Spain,2006,,325.3,98.4,88.6,255.3,34.2,50.7,25.9,12.2,0.8,106.5,
ES,Spain,2007,,321.9,95.7,85.4,253.3,34.4,50.7,26.1,12.3,0.6,114.0,
ES,Spain,2008,,306.7,89.4,79.3,248.9,34.3,50.3,25.3,11.4,0.6,110.3,
ES,Spain,2009,,289.5,85.8,75.0,245.7,34.5,50.0,24.1,11.8,0.7,104.1,
ES,Spain,2010,,277.3,82.4,70.0,244.6,35.2,49.9,22.8,11.4,0.7,93.5,
ES,Spain,2011,893.95,273.6,79.73,66.44,244.37,35.62,49.63,23.02,10.97,0.66,97.66,
ES,Spain,2012,902.65,272.73,77.11,65.71,242.93,35.37,49.81,22.23,10.24,0.67,106.1,
ES,Spain,2013,848.32,253.07,72.05,59.7,238.94,34.51,49.48,20.27,9.93,0.57,91.74,
ES,Spain,2014,837.46,244.99,68.21,57.39,232.7,33.58,47.82,20.18,9.56,0.59,91.66,
ES,Spain,2015,872.68,252.56,69.28,57.7,230.62,32.73,47.87,20.79,9.64,0.6,105.49,
ES,Spain,2016,829.05,237.34,64.16,53.6,229.8,32.93,48.35,18.6,8.86,0.53,92.83,
ES,Spain,2017,835.93,235.79,63.1,52.0,226.63,31.49,47.46,18.99,8.93,0.49,99.37,
ES,Spain,2018,,227.74,59.77,49.84,221.89,30.79,46.81,18.79,8.32,0.49,101.04,
ES,Spain,2019,,214.52,54.83,47.57,218.29,30.58,45.63,17.9,8.2,0.45,87.84,
ES,Spain,2020,,217.82,55.42,47.13,214.51,29.44,44.8,20.59,8.02,0.5,77.21,
ES,Spain,2021,,212.97,53.11,44.81,213.31,28.79,45.21,19.28,8.28,0.48,63.84,
ES,Spain,2022,840.41,213.88,52.73,43.99,212.91,28.72,45.13,19.65,7.84,0.47,76.2,
ES,Spain,2023,774.42,200.21,49.15,41.04,209.98,27.97,44.37,18.65,7.54,0.52,81.4,
FI,Finland,1994,,677.2,390.0,174.2,264.6,27.5,,15.0,11.8,2.6,114.5,
FI,Finland,1995,,685.2,394.3,185.1,267.3,26.6,,15.3,12.2,2.8,114.0,
FI,Finland,1996,,627.9,365.6,153.5,263.5,25.7,48.2,15.6,13.7,4.6,125.5,
FI,Finland,1997,,607.9,351.1,150.7,260.7,26.1,46.6,14.4,14.3,4.6,115.5,
FI,Finland,1998,,590.8,350.5,139.6,259.1,25.3,47.7,14.3,13.7,6.4,115.9,
FI,Finland,1999,,583.2,351.3,136.5,253.8,25.3,44.3,13.9,13.2,6.6,116.1,
FI,Finland,2000,,569.9,343.0,135.3,250.7,25.6,44.4,14.4,14.1,5.8,117.2,
FI,Finland,2001,,545.0,325.4,128.9,248.1,24.4,44.9,13.1,14.6,5.0,102.1,
FI,Finland,2002,,544.5,328.4,125.6,241.1,23.9,42.9,13.2,16.0,4.4,100.9,
FI,Finland,2003,,523.5,310.6,123.5,242.6,25.2,44.0,12.5,15.0,4.7,94.2,
FI,Finland,2004,,486.6,286.5,114.4,238.7,22.7,41.7,12.6,18.8,4.6,74.7,
FI,Finland,2005,,475.8,283.1,108.0,234.7,23.4,42.5,11.7,21.0,3.3,59.0,
FI,Finland,2006,,464.5,273.1,106.0,234.0,23.5,42.8,10.4,20.3,3.5,48.8,
FI,Finland,2007,,458.7,268.7,98.9,229.8,23.1,42.4,11.5,23.1,2.8,49.8,
FI,Finland,2008,,444.8,258.5,93.3,227.5,22.7,40.9,11.4,22.5,3.0,42.8,
FI,Finland,2009,,432.9,245.7,93.5,223.4,22.9,40.7,9.0,22.6,3.2,46.4,
FI,Finland,2010,,425.2,243.5,87.9,230.1,23.1,43.5,9.0,21.8,3.3,40.6,
FI,Finland,2011,1032.48,424.08,234.18,91.08,226.04,22.41,40.52,9.51,20.8,3.13,40.91,
FI,Finland,2012,1030.58,413.64,226.09,91.66,223.86,23.13,40.77,9.55,21.8,3.69,39.9,
FI,Finland,2013,999.43,388.26,208.56,87.2,223.0,22.75,40.96,9.12,21.82,3.72,36.45,
FI,Finland,2014,994.85,378.86,199.29,85.37,218.57,22.55,39.04,9.24,21.07,4.15,34.46,
FI,Finland,2015,968.81,364.05,190.94,80.72,218.72,21.84,39.65,8.87,18.94,3.68,35.52,
FI,Finland,2016,976.05,360.2,185.76,79.8,219.72,23.17,39.38,9.66,19.31,3.95,38.23,
FI,Finland,2017,948.92,340.72,175.22,71.71,216.9,23.69,38.66,9.94,18.06,3.67,36.36,
FI,Finland,2018,,329.35,164.36,70.25,212.76,22.03,37.98,9.32,18.95,4.14,38.41,
FI,Finland,2019,,310.94,146.09,67.37,214.54,22.97,38.59,10.08,19.67,4.28,32.97,
FI,Finland,2020,,306.77,141.62,66.24,211.35,20.76,36.66,11.07,21.37,3.47,28.36,
FI,Finland,2021,,303.95,140.6,63.39,209.89,21.84,37.0,10.9,20.69,3.68,27.72,
FI,Finland,2022,1001.15,310.21,138.4,62.82,204.91,21.99,37.25,11.4,20.48,3.99,29.89,
FI,Finland,2023,958.64,303.82,131.5,60.56,207.96,23.99,33.63,10.89,19.54,3.98,32.11,
FR,France,2001,,329.8,90.7,78.6,290.1,32.2,49.7,23.2,16.7,5.7,66.1,
FR,France,2002,,324.5,88.0,75.9,288.5,32.1,50.1,23.3,16.2,5.7,69.2,
FR,France,2003,,326.4,87.1,76.2,285.3,32.1,49.9,24.2,15.9,5.7,73.8,
FR,France,2004,,296.3,80.1,67.7,278.8,31.6,50.3,21.9,14.4,5.2,61.2,
FR,France,2005,,290.8,77.4,66.0,277.5,31.1,51.3,22.0,14.2,5.5,68.4,
FR,France,2006,,269.7,71.2,60.8,271.6,29.9,51.4,20.8,13.9,5.0,56.7,
FR,France,2007,,258.7,67.6,57.1,266.9,29.1,51.0,20.1,13.5,5.1,56.9,
FR,France,2008,,252.0,64.8,55.8,265.1,29.4,50.9,19.9,13.2,5.2,56.0,
FR,France,2009,,241.0,61.2,53.8,262.8,29.1,51.2,19.4,12.8,4.9,56.3,
FR,France,2010,,231.0,57.7,51.7,257.7,28.4,50.6,18.2,12.3,4.9,51.8,
FR,France,2011,875.36,224.76,56.01,51.55,253.11,28.24,50.12,18.26,12.02,4.8,55.28,
FR,France,2012,893.83,223.34,55.01,51.06,250.91,27.56,50.26,18.23,11.87,4.67,60.2,
FR,France,2013,864.93,213.49,51.92,48.85,246.18,26.87,49.37,17.75,11.4,4.41,56.67,
FR,France,2014,829.13,202.74,49.3,45.92,245.24,26.08,50.03,17.01,10.87,4.06,51.93,
FR,France,2015,858.16,204.89,49.08,45.51,245.14,26.26,49.91,17.73,10.97,4.01,60.47,
FR,France,2016,834.57,196.14,46.43,44.19,243.45,26.23,48.7,16.67,10.66,3.94,56.67,
FR,France,2017,829.65,190.4,45.25,42.41,238.91,25.64,47.23,16.39,10.3,3.76,59.14,
FR,France,2018,,186.11,43.61,41.54,233.44,24.34,46.0,15.3,10.15,4.05,58.45,
FR,France,2019,,175.48,42.0,40.88,230.68,23.93,45.19,15.02,9.96,4.01,57.39,
FR,France,2020,,167.68,40.45,39.21,226.57,23.32,44.44,15.89,9.96,3.69,48.51,
FR,France,2021,,169.92,40.33,38.94,222.57,22.71,43.07,15.86,10.09,3.99,45.41,
FR,France,2022,854.95,171.57,39.95,39.22,222.37,22.54,43.12,15.79,10.32,4.17,55.56,
FR,France,2023,794.8,163.26,37.83,37.35,218.58,22.08,42.79,15.18,9.44,3.89,56.44,
HR,Croatia,2002,,964.4,305.6,287.1,331.3,44.2,65.9,27.3,33.6,3.7,72.0,
HR,Croatia,2003,,1008.2,367.5,281.3,337.6,45.6,66.3,32.9,30.0,4.6,90.8,
HR,Croatia,2004,,873.6,311.2,261.2,329.5,43.5,66.1,28.9,29.9,4.7,98.2,
HR,Croatia,2005,,885.0,329.8,263.4,335.2,48.2,65.3,32.5,29.6,4.8,102.8,
HR,Croatia,2006,,835.8,313.2,249.9,331.3,48.8,67.0,32.2,28.2,5.1,77.5,
HR,Croatia,2007,,843.7,303.4,253.0,330.8,46.7,67.5,38.1,30.6,6.8,80.0,
HR,Croatia,2008,,808.4,309.5,237.3,333.9,48.7,66.4,36.3,30.7,6.7,66.1,
HR,Croatia,2009,,782.0,313.6,228.9,338.6,49.1,67.4,37.1,29.5,6.4,65.3,
HR,Croatia,2010,,753.4,327.2,216.8,338.8,49.6,65.9,38.0,28.7,6.2,55.1,
HR,Croatia,2011,1451.42,750.74,329.99,214.1,341.3,51.07,67.34,31.67,26.07,5.67,58.35,
HR,Croatia,2012,912.28,395.27,181.16,123.96,284.01,39.95,61.3,24.36,24.17,5.75,37.09,
HR,Croatia,2013,1359.18,689.37,310.35,195.61,333.81,50.2,65.36,32.26,22.83,4.98,57.8,
HR,Croatia,2014,1358.98,680.18,307.21,194.55,336.97,51.12,65.28,34.59,23.52,5.3,59.88,
HR,Croatia,2015,1435.79,713.34,321.23,196.64,336.97,50.15,65.5,42.59,21.49,5.13,69.52,
HR,Croatia,2016,1342.19,633.22,284.4,171.89,335.48,52.22,66.31,47.91,21.14,4.87,65.12,
HR,Croatia,2017,1378.5,628.92,299.8,158.14,323.8,48.51,68.35,57.92,21.54,3.63,82.44,
HR,Croatia,2018,,607.15,270.0,155.0,323.86,52.35,66.9,69.71,22.51,4.4,59.11,
HR,Croatia,2019,,572.78,206.7,129.22,310.98,48.7,64.94,96.05,22.12,7.08,56.1,
HR,Croatia,2020,,590.92,194.0,121.83,303.87,47.56,63.0,112.42,19.7,6.45,54.27,
HR,Croatia,2021,,601.26,202.03,124.65,308.2,49.18,63.12,114.78,21.8,7.55,61.42,
HR,Croatia,2022,1443.62,591.66,181.62,108.9,302.38,48.22,64.49,110.34,22.88,7.72,66.41,
HR,Croatia,2023,1285.27,524.05,153.17,81.36,303.37,46.91,65.01,96.73,22.48,7.57,59.68,
HU,Hungary,1994,,1120.9,437.5,293.4,419.5,62.7,90.7,25.7,92.4,14.5,100.7,
HU,Hungary,1995,,1102.3,443.2,295.1,420.0,62.3,90.4,24.8,91.2,14.4,93.0,
HU,Hungary,1996,,1100.9,453.6,297.9,425.5,63.1,93.5,24.2,71.0,9.3,88.5,
HU,Hungary,1997,,1052.0,446.2,275.5,420.7,63.8,91.8,26.1,70.7,11.0,83.4,
HU,Hungary,1998,,1058.2,451.1,278.5,419.7,64.7,92.6,28.6,75.4,9.1,74.5,
HU,Hungary,1999,,1059.5,445.9,276.3,417.9,64.0,91.8,31.2,74.4,9.8,85.9,
HU,Hungary,2000,,979.9,416.6,267.2,406.6,63.3,90.3,29.7,69.9,5.8,70.0,
HU,Hungary,2001,,952.7,418.8,262.5,402.2,61.7,90.6,23.2,65.5,4.0,58.3,
HU,Hungary,2002,,958.7,414.3,257.6,394.4,60.4,90.2,29.9,61.8,3.9,62.6,
HU,Hungary,2003,,972.7,440.0,257.2,398.1,63.5,92.6,33.0,63.2,4.5,71.2,
HU,Hungary,2004,,928.2,441.7,236.8,392.9,61.1,92.3,29.4,60.4,4.8,67.4,
HU,Hungary,2005,,960.0,499.0,209.3,352.4,54.7,83.4,44.8,52.8,5.6,82.7,
HU,Hungary,2006,,874.3,459.9,189.2,357.0,55.5,84.7,38.5,52.9,5.2,78.1,
HU,Hungary,2007,,854.9,431.0,185.9,358.2,56.5,88.7,36.4,53.7,4.4,82.6,
HU,Hungary,2008,,815.5,414.6,174.9,361.0,55.2,90.5,33.9,51.9,4.2,75.0,
HU,Hungary,2009,,803.3,410.5,174.7,361.6,56.9,91.1,31.1,49.7,3.8,76.8,
HU,Hungary,2010,,803.2,413.3,170.3,358.7,56.3,92.8,29.6,45.0,4.1,72.9,
HU,Hungary,2011,1295.29,632.85,327.22,134.22,339.94,53.18,88.26,29.6,39.69,3.6,67.26,
HU,Hungary,2012,1292.14,627.9,322.07,130.65,342.14,52.54,91.13,29.67,34.81,3.2,68.89,
HU,Hungary,2013,1430.02,737.43,375.76,149.95,349.37,55.85,88.77,28.99,31.55,3.23,78.77,
HU,Hungary,2014,1455.53,761.55,390.59,147.81,348.14,55.02,89.84,29.1,32.36,3.72,78.61,
HU,Hungary,2015,1500.2,782.17,395.04,147.0,345.95,54.1,89.39,30.89,30.72,3.28,95.84,
HU,Hungary,2016,1425.36,737.59,367.48,123.8,345.33,54.02,90.14,30.64,29.6,3.68,79.39,
HU,Hungary,2017,1461.98,758.78,378.59,130.12,341.04,52.92,89.07,33.93,29.61,3.49,89.17,
HU,Hungary,2018,,738.72,366.73,127.53,335.65,52.73,87.43,33.68,30.31,4.33,87.83,
HU,Hungary,2019,,714.81,355.36,128.34,327.7,51.21,84.39,32.99,30.36,4.42,89.11,
HU,Hungary,2020,,731.41,354.95,128.55,320.87,50.49,81.01,39.74,30.58,5.71,75.13,
HU,Hungary,2021,,722.84,351.79,116.72,309.9,49.96,77.94,42.68,31.72,5.04,70.43,
HU,Hungary,2022,1501.82,732.11,355.52,116.97,312.17,50.43,77.65,38.81,31.89,5.48,73.01,
HU,Hungary,2023,1412.42,710.19,340.15,112.21,315.94,49.01,80.07,33.17,26.68,4.67,82.86,
IE,Ireland,1994,,741.3,399.4,156.3,346.0,44.4,,18.0,4.3,1.1,240.7,
IE,Ireland,1995,,738.2,398.2,154.1,348.7,45.9,,19.2,4.3,1.8,265.1,
IE,Ireland,1996,,711.6,381.1,152.6,338.4,42.2,,21.1,4.4,2.3,252.4,
IE,Ireland,1997,,678.6,360.3,140.8,338.3,44.8,62.6,18.3,6.0,3.1,255.0,
IE,Ireland,1998,,658.3,351.4,131.3,333.3,40.1,66.8,19.6,6.4,3.5,252.5,
IE,Ireland,1999,,657.8,340.8,141.0,332.7,43.8,64.1,21.4,6.2,2.6,278.1,
IE,Ireland,2000,,613.7,314.7,135.5,331.7,39.9,67.9,19.2,5.7,2.9,246.9,
IE,Ireland,2001,,566.8,289.4,126.1,327.2,40.5,63.7,18.5,7.2,2.9,221.8,
IE,Ireland,2002,,546.6,282.0,115.8,316.0,38.5,61.2,19.6,5.9,2.5,212.0,
IE,Ireland,2003,,506.6,253.2,107.5,314.8,38.8,64.5,19.0,6.4,1.8,213.8,
IE,Ireland,2004,,479.2,243.9,96.8,317.5,39.9,65.2,20.5,7.3,2.4,190.5,
IE,Ireland,2005,,447.5,224.1,91.5,307.9,38.1,62.7,20.6,7.4,2.2,184.8,
IE,Ireland,2006,,430.9,215.3,85.1,315.4,40.4,63.2,23.1,7.0,2.6,182.2,
IE,Ireland,2007,,418.8,223.6,89.5,301.8,35.6,62.9,21.4,9.6,,144.6,
IE,Ireland,2008,,408.5,210.8,89.2,303.4,36.7,62.0,19.4,9.1,,148.6,
IE,Ireland,2009,,376.8,196.8,82.8,300.3,34.9,62.3,18.4,8.8,0.1,147.3,
IE,Ireland,2010,,361.3,180.4,80.6,286.0,33.4,59.3,19.1,8.5,,128.4,
IE,Ireland,2011,1034.0,356.39,179.44,78.11,299.21,36.88,63.63,17.87,7.84,0.19,137.39,
IE,Ireland,2012,1043.38,358.47,176.83,75.05,287.92,33.71,60.01,19.98,9.11,0.19,137.24,
IE,Ireland,2013,1034.34,350.87,169.56,74.4,286.47,34.45,59.84,20.78,8.07,0.15,134.32,
IE,Ireland,2014,993.58,316.19,149.79,67.91,287.76,32.36,61.15,17.27,7.06,0.32,128.55,
IE,Ireland,2015,1000.98,327.13,153.0,68.13,274.74,32.05,55.94,17.9,7.04,0.67,137.86,
IE,Ireland,2016,983.02,309.01,145.67,62.39,277.21,31.95,57.09,17.35,7.18,0.54,134.03,
IE,Ireland,2017,937.25,284.2,130.42,55.09,266.6,30.33,55.6,17.59,6.7,0.43,132.77,
IE,Ireland,2018,,277.91,127.51,51.63,262.08,28.04,51.06,16.18,6.78,0.57,125.41,
IE,Ireland,2019,,258.41,117.89,47.57,261.52,28.47,53.16,15.33,7.25,0.5,115.47,
IE,Ireland,2020,,245.3,115.29,43.37,255.45,27.32,52.08,17.67,7.1,0.61,91.95,
IE,Ireland,2021,,248.17,113.38,41.21,248.02,26.57,48.76,16.49,9.27,0.48,86.65,
IE,Ireland,2022,928.4,266.5,117.8,44.51,248.18,25.47,48.06,16.93,7.81,0.68,104.64,
IE,Ireland,2023,884.81,250.46,106.98,41.66,242.93,26.57,48.04,19.26,8.26,1.18,105.82,
IT,Italy,1994,,567.5,166.0,175.0,319.1,34.3,,36.5,30.0,0.7,79.2,
IT,Italy,1995,,550.9,166.6,158.8,303.8,33.1,,38.2,26.7,0.6,76.8,
IT,Italy,1996,,525.7,161.1,149.2,303.1,33.3,,39.2,25.2,0.4,70.8,
IT,Italy,1997,,520.8,158.3,149.1,299.3,32.5,,36.6,24.2,0.4,75.7,
IT,Italy,1998,,528.7,160.9,150.4,298.0,33.1,,36.3,23.0,0.4,78.0,
IT,Italy,1999,,504.2,153.2,141.3,292.7,32.0,,36.6,21.8,0.4,80.2,
IT,Italy,2000,,479.2,144.8,135.3,291.0,31.9,,34.6,21.1,0.3,75.3,
IT,Italy,2001,,456.7,139.5,127.6,293.4,31.7,58.8,34.1,20.7,0.4,65.7,
IT,Italy,2002,,453.1,142.4,126.5,286.6,31.7,58.3,33.0,19.2,0.3,68.5,
IT,Italy,2003,,458.5,153.8,131.2,284.9,31.1,57.1,36.5,17.2,0.4,77.2,
IT,Italy,2006,,383.1,128.8,106.0,271.8,30.6,55.0,32.9,14.6,0.4,61.8,
IT,Italy,2007,,375.3,125.3,102.9,270.8,30.3,54.5,32.9,13.9,0.4,62.9,
IT,Italy,2008,,364.0,121.8,102.3,267.0,29.9,53.8,32.5,13.9,0.4,60.7,
IT,Italy,2009,,351.2,115.9,98.5,265.3,29.4,53.4,32.5,13.3,0.4,62.1,
IT,Italy,2010,,335.3,110.2,91.5,260.9,29.3,53.1,31.4,12.4,0.4,58.5,
IT,Italy,2011,921.5,346.04,115.66,93.37,260.92,29.6,52.9,32.42,10.41,0.36,62.56,
IT,Italy,2012,926.94,345.93,112.91,91.52,258.39,29.16,51.66,32.15,9.82,0.35,65.01,
IT,Italy,2013,878.29,322.8,104.16,84.12,250.63,27.75,50.51,30.3,9.05,0.33,60.29,
IT,Italy,2014,854.08,310.15,98.29,79.91,246.55,26.95,49.35,28.45,8.81,0.32,58.33,
IT,Italy,2015,901.26,328.87,100.86,84.15,244.64,26.91,49.49,30.73,8.47,0.33,66.42,
IT,Italy,2016,843.15,296.22,89.96,75.39,241.03,27.32,48.67,28.76,8.3,0.36,62.01,
IT,Italy,2017,868.14,303.39,89.05,77.78,237.86,26.62,48.18,29.65,7.87,0.3,69.34,
IT,Italy,2018,,282.29,80.77,70.49,235.54,26.36,47.56,27.89,7.55,0.38,66.3,
IT,Italy,2019,,270.74,78.7,68.7,230.93,26.13,45.9,27.72,7.35,0.36,67.29,
IT,Italy,2020,,281.14,80.27,71.03,227.01,25.13,44.49,32.47,7.12,0.39,70.98,
IT,Italy,2021,,266.89,74.02,65.72,221.53,24.56,43.56,30.98,6.97,0.48,55.77,
IT,Italy,2022,905.1,270.3,72.75,66.24,218.66,24.15,43.21,30.79,6.76,0.42,61.79,
IT,Italy,2023,826.71,247.39,64.48,59.96,216.73,23.83,43.02,28.29,6.53,0.4,63.72,
LT,Lithuania,1994,,1130.5,757.8,241.2,288.0,33.6,55.8,8.5,15.5,24.1,78.0,
LT,Lithuania,1995,,1140.6,772.4,238.7,293.6,33.1,56.1,8.9,16.0,28.4,77.7,
LT,Lithuania,1996,,1114.8,747.0,236.1,290.3,33.9,54.0,9.4,15.4,24.1,73.1,
LT,Lithuania,1997,,1088.8,745.9,239.8,286.5,32.1,52.7,8.5,15.6,14.8,68.2,
LT,Lithuania,1998,,1058.2,680.4,246.8,293.1,34.9,53.7,9.2,24.2,2.5,71.6,
LT,Lithuania,1999,,1035.2,641.1,245.8,297.0,32.9,54.0,9.1,17.1,1.3,65.0,
LT,Lithuania,2000,,995.0,611.6,232.1,297.5,33.9,51.0,8.8,18.2,1.3,66.3,
LT,Lithuania,2001,,1036.8,677.0,232.4,298.5,34.2,53.8,9.9,21.4,1.5,62.1,
LT,Lithuania,2002,,1039.5,666.1,242.3,294.3,34.4,51.1,11.0,21.4,0.6,66.4,
LT,Lithuania,2003,,1016.4,656.5,232.8,290.8,34.0,51.7,9.5,24.1,0.9,65.7,
LT,Lithuania,2004,,1001.6,642.2,229.2,290.2,33.9,49.0,11.3,24.3,0.9,63.8,
LT,Lithuania,2005,,1037.1,669.9,232.7,293.9,35.0,48.9,12.3,29.9,0.7,66.7,
LT,Lithuania,2006,,1027.9,650.6,243.7,293.4,34.2,51.8,11.6,40.1,0.9,64.0,
LT,Lithuania,2007,,999.0,633.1,227.4,296.9,33.6,51.1,10.6,49.8,1.3,72.2,
LT,Lithuania,2008,,952.6,601.6,232.4,294.9,34.9,48.8,10.2,44.0,1.2,62.8,
LT,Lithuania,2009,,916.4,575.5,225.6,288.9,36.4,48.5,10.7,32.8,1.0,57.4,
LT,Lithuania,2010,,915.0,593.4,219.9,286.5,34.2,45.6,9.8,32.8,0.8,46.5,
LT,Lithuania,2011,1527.94,916.4,596.52,221.75,284.34,33.95,48.4,9.68,31.33,0.89,45.06,
LT,Lithuania,2012,1511.99,905.87,595.87,216.66,278.37,31.94,46.99,11.34,28.97,0.95,45.07,
LT,Lithuania,2013,1510.91,894.09,589.25,221.57,272.6,32.41,45.41,10.87,30.92,0.7,51.97,
LT,Lithuania,2014,1449.26,848.82,564.37,203.24,276.22,32.11,46.11,9.69,27.22,0.91,42.12,
LT,Lithuania,2015,1490.35,876.25,586.13,208.69,285.52,33.8,45.85,11.02,25.95,0.64,47.57,
LT,Lithuania,2016,1455.39,845.99,561.06,203.19,280.66,31.67,44.31,10.61,26.15,0.89,45.15,
LT,Lithuania,2017,1408.99,814.23,530.31,191.19,273.64,31.44,42.24,14.42,23.15,0.71,46.4,
LT,Lithuania,2018,,782.24,499.09,189.44,272.76,30.22,41.2,18.15,21.82,0.48,48.14,
LT,Lithuania,2019,,731.73,464.08,172.29,271.54,31.24,43.61,20.1,21.52,0.86,41.46,
LT,Lithuania,2020,,793.47,494.35,178.85,276.47,30.41,41.39,23.5,27.07,0.65,41.22,
LT,Lithuania,2021,,800.68,488.2,179.52,259.37,29.61,36.72,24.22,28.55,0.79,36.29,
LT,Lithuania,2022,1460.83,784.45,469.51,188.2,261.53,30.41,37.2,21.63,27.68,0.67,39.2,
LT,Lithuania,2023,1240.58,658.51,395.81,150.27,255.09,28.93,35.07,20.83,24.78,0.61,36.17,
LU,Luxembourg,1994,,590.6,186.4,180.7,324.0,46.7,62.8,17.4,20.0,2.5,103.9,
LU,Luxembourg,1995,,561.5,163.1,180.4,340.0,40.8,70.1,23.0,18.6,4.9,92.3,
LU,Luxembourg,1996,,592.5,183.1,165.5,320.4,36.0,64.2,26.2,23.3,6.5,94.5,
LU,Luxembourg,1997,,549.6,171.5,144.8,311.9,45.0,,18.9,19.3,10.5,94.5,
LU,Luxembourg,1998,,527.7,159.3,152.0,318.5,45.8,63.6,11.5,18.9,6.2,106.7,
LU,Luxembourg,1999,,500.5,139.9,152.4,286.5,37.3,60.0,13.2,21.2,5.4,116.6,
LU,Luxembourg,2000,,486.0,150.8,145.3,305.6,38.2,60.0,18.1,21.5,5.9,95.8,
LU,Luxembourg,2001,,491.4,141.9,139.9,289.2,36.4,53.4,16.4,19.7,6.9,99.6,
LU,Luxembourg,2002,,481.7,138.2,140.4,277.3,36.5,54.1,17.5,21.2,4.7,121.1,
LU,Luxembourg,2003,,524.5,164.1,129.7,290.2,39.2,63.5,15.7,16.3,5.8,130.4,
LU,Luxembourg,2004,,451.6,134.1,117.4,264.2,29.9,52.6,14.1,15.4,4.4,94.2,
LU,Luxembourg,2005,,449.4,123.5,104.5,259.2,34.5,55.5,13.8,14.5,5.3,87.4,
LU,Luxembourg,2006,,460.0,137.1,107.1,258.1,32.4,53.4,16.7,20.4,3.3,81.5,
LU,Luxembourg,2007,,424.0,116.3,97.6,278.4,34.5,64.9,14.2,17.9,3.4,85.7,
LU,Luxembourg,2008,,393.0,109.0,90.1,254.5,34.1,41.5,14.4,15.7,,83.1,
LU,Luxembourg,2009,,377.7,83.2,97.3,272.5,35.4,58.8,11.5,14.1,,86.7,
LU,Luxembourg,2010,,344.7,86.1,92.4,264.6,32.9,50.7,19.2,15.2,1.9,74.8,
LU,Luxembourg,2011,1036.69,369.37,93.47,84.01,268.1,31.07,53.24,14.41,12.1,2.09,93.12,
LU,Luxembourg,2012,986.97,333.92,83.14,72.26,265.94,29.95,57.0,15.19,15.62,3.88,76.19,
LU,Luxembourg,2013,941.98,310.76,89.7,65.38,243.79,32.01,47.05,20.71,13.41,5.78,72.84,
LU,Luxembourg,2014,917.54,296.93,80.25,57.42,260.71,25.52,59.61,22.79,14.22,4.89,63.82,
LU,Luxembourg,2015,930.15,290.97,74.36,57.67,239.9,26.76,51.26,20.22,11.76,4.63,80.59,
LU,Luxembourg,2016,904.72,298.15,85.56,51.12,235.45,23.98,51.94,14.01,15.69,3.57,71.41,
LU,Luxembourg,2017,900.0,281.93,74.2,51.72,235.36,24.72,50.09,19.51,13.33,3.8,70.11,
LU,Luxembourg,2018,,263.39,73.84,48.09,225.8,28.64,47.8,13.97,15.3,5.28,85.49,
LU,Luxembourg,2019,,238.62,59.84,40.99,219.27,24.17,43.03,17.63,13.38,2.47,83.87,
LU,Luxembourg,2020,,224.43,57.74,43.89,203.11,23.85,39.24,15.43,13.05,3.99,68.42,
LU,Luxembourg,2021,,213.17,51.63,43.26,203.42,22.38,40.61,14.7,12.7,3.6,60.8,
LU,Luxembourg,2022,829.25,220.28,49.57,44.58,195.43,21.3,35.16,13.99,11.91,4.12,61.36,
LU,Luxembourg,2023,801.4,213.14,49.54,39.25,191.63,20.76,32.17,15.4,14.54,3.22,77.31,
LV,Latvia,1996,,1189.6,627.6,436.9,283.9,36.6,54.8,12.5,15.9,10.2,49.6,
LV,Latvia,1997,,1171.0,627.9,448.3,283.1,36.9,51.4,12.2,14.7,8.3,51.7,
LV,Latvia,1998,,1183.5,668.8,433.1,293.2,35.4,51.8,13.6,17.5,10.0,44.7,
LV,Latvia,1999,,1136.9,615.6,430.9,297.2,36.4,55.3,14.0,15.7,10.6,44.3,
LV,Latvia,2000,,1117.0,602.7,412.4,290.0,33.7,51.2,12.1,15.5,8.4,45.7,
LV,Latvia,2001,,1151.1,572.2,433.2,295.5,33.5,54.8,15.1,17.7,10.6,41.0,
LV,Latvia,2002,,1131.8,552.1,423.6,289.4,33.5,52.0,13.3,16.9,4.1,45.5,
LV,Latvia,2003,,1128.7,552.1,415.5,296.2,36.8,52.6,14.1,17.1,2.7,42.7,
LV,Latvia,2004,,1094.9,554.1,373.2,294.7,37.1,51.8,12.5,17.4,2.6,42.8,
LV,Latvia,2005,,1087.0,538.0,371.3,299.6,37.4,53.2,11.8,18.4,3.7,47.3,
LV,Latvia,2006,,1038.8,514.0,339.2,309.3,36.9,57.6,14.3,20.7,3.9,47.2,
LV,Latvia,2007,,1050.4,563.3,308.4,303.4,36.9,53.2,19.0,25.5,4.1,45.4,
LV,Latvia,2008,,939.5,494.2,282.2,296.9,33.3,49.7,20.7,21.7,4.3,37.0,
LV,Latvia,2009,,898.4,482.0,261.6,302.6,35.9,50.8,27.3,20.8,4.8,33.0,
LV,Latvia,2010,,899.5,475.7,259.9,305.7,35.1,50.0,29.2,20.2,5.7,33.8,
LV,Latvia,2011,1581.52,894.44,480.99,248.2,301.04,36.1,49.75,25.6,18.19,8.87,37.51,
LV,Latvia,2012,1596.69,924.5,482.86,272.25,305.56,40.77,49.01,24.76,17.11,7.96,36.74,
LV,Latvia,2013,1549.27,914.6,462.21,275.36,300.6,34.53,49.31,24.59,17.59,6.92,43.07,
LV,Latvia,2014,1503.16,882.86,442.83,269.79,299.33,34.24,46.85,26.31,18.21,6.79,35.97,
LV,Latvia,2015,1489.41,875.77,436.81,278.71,293.74,35.09,44.32,24.78,17.77,9.07,36.78,
LV,Latvia,2016,1476.67,848.55,397.19,288.44,294.61,33.67,46.45,27.97,19.27,5.73,41.54,
LV,Latvia,2017,1472.94,832.19,365.55,285.79,297.88,32.16,48.85,28.77,16.51,6.49,42.68,
LV,Latvia,2018,,818.3,360.28,274.96,293.86,32.32,46.15,29.28,19.61,6.62,46.59,
LV,Latvia,2019,,770.59,332.86,254.08,292.61,33.26,44.77,32.29,17.03,4.57,39.14,
LV,Latvia,2020,,783.53,333.9,260.92,296.52,33.29,46.75,34.31,17.73,6.17,35.85,
LV,Latvia,2021,,859.46,359.61,268.12,283.6,31.86,45.83,36.35,26.61,11.79,39.03,
LV,Latvia,2022,1535.78,806.15,348.31,246.04,279.99,31.63,44.16,29.82,25.84,5.32,44.89,
LV,Latvia,2023,1391.83,725.96,308.8,217.37,277.67,30.72,46.85,26.51,22.28,4.77,45.97,
MT,Malta,1994,,679.0,361.7,160.9,324.8,42.6,49.7,39.3,10.4,0.7,136.8,
MT,Malta,1995,,624.4,338.7,160.8,325.8,43.1,52.9,43.4,6.7,0.8,131.1,
MT,Malta,1996,,651.6,339.3,175.4,304.7,30.1,60.7,29.3,7.6,0.9,115.7,
MT,Malta,1997,,659.9,355.7,148.1,288.2,33.8,48.3,42.7,7.7,,140.5,
MT,Malta,1998,,666.6,328.3,165.0,297.0,33.7,40.6,52.3,9.1,1.1,158.0,
MT,Malta,1999,,730.9,364.0,154.4,284.5,32.1,46.0,43.9,9.0,0.5,153.6,
MT,Malta,2000,,650.2,331.1,151.3,276.9,34.0,46.0,37.0,5.2,,142.0,
MT,Malta,2001,,573.9,309.1,142.0,267.6,32.0,50.1,43.4,5.0,,172.2,
MT,Malta,2002,,585.2,289.3,146.4,259.9,35.5,46.6,37.3,5.7,,163.7,
MT,Malta,2003,,589.9,294.1,148.0,251.9,33.5,45.6,35.1,10.2,0.6,151.9,
MT,Malta,2004,,520.9,261.3,139.9,246.3,27.1,41.5,44.1,7.2,0.5,141.7,
MT,Malta,2005,,553.9,296.6,132.7,234.4,30.8,40.1,42.6,8.8,0.7,125.2,
MT,Malta,2006,,530.6,280.9,136.3,255.0,33.5,41.8,45.9,7.6,1.0,112.9,
MT,Malta,2007,,468.9,236.6,124.5,256.1,36.8,38.7,40.6,7.8,0.2,109.1,
MT,Malta,2008,,451.0,234.2,119.6,258.2,34.7,44.6,52.5,6.7,0.6,112.4,
MT,Malta,2009,,437.0,232.4,124.1,253.0,30.4,45.7,44.0,6.2,0.3,108.9,
MT,Malta,2010,,386.5,214.0,89.6,242.9,32.5,44.4,33.2,5.3,0.2,102.1,
MT,Malta,2011,1039.77,486.24,261.23,114.24,246.85,31.69,42.86,14.02,8.42,0.5,81.51,
MT,Malta,2012,1062.93,521.37,300.94,92.37,255.07,34.8,49.41,11.08,7.49,0.27,95.91,
MT,Malta,2013,974.72,405.51,214.03,86.11,230.1,30.12,40.26,30.33,5.49,0.59,113.58,
MT,Malta,2014,936.34,371.44,202.28,84.15,232.66,28.18,43.02,45.38,5.34,0.39,96.34,
MT,Malta,2015,947.55,384.85,208.66,81.24,224.55,31.29,45.5,45.83,3.99,0.27,103.32,
MT,Malta,2016,881.82,332.74,177.83,73.21,220.95,29.63,42.46,44.57,5.07,0.21,95.07,
MT,Malta,2017,911.68,328.6,187.18,63.17,221.14,32.69,40.71,45.14,5.76,0.94,104.07,
MT,Malta,2018,,311.22,155.41,65.45,237.28,33.26,43.25,50.75,5.74,0.62,100.16,
MT,Malta,2019,,298.92,160.58,57.3,203.48,21.87,30.97,47.18,5.24,0.21,112.52,
MT,Malta,2020,,286.04,159.44,47.74,212.47,25.58,35.59,55.31,7.05,0.43,101.67,
MT,Malta,2021,,271.79,137.31,48.59,198.27,23.18,39.96,49.47,6.1,0.42,101.37,
MT,Malta,2022,931.1,273.78,141.16,50.61,209.47,27.24,37.31,37.72,4.89,0.84,118.88,
MT,Malta,2023,860.16,254.35,120.64,48.81,192.69,18.67,38.37,43.81,3.24,0.56,121.84,
NL,Netherlands,1994,,526.2,204.3,131.2,342.6,39.8,,31.6,6.1,1.4,119.2,
NL,Netherlands,1995,,521.5,201.4,127.2,338.0,40.6,,29.3,6.5,1.3,130.7,
NL,Netherlands,1996,,505.2,197.2,123.0,339.3,39.1,,30.7,6.0,1.4,132.9,
NL,Netherlands,1997,,482.8,182.7,120.5,334.1,39.7,,30.8,6.3,1.5,131.9,
NL,Netherlands,1998,,476.6,178.1,118.3,331.5,40.2,,30.6,6.1,1.7,138.0,
NL,Netherlands,1999,,467.9,168.2,119.5,332.8,39.7,,30.6,6.0,1.8,140.0,
NL,Netherlands,2000,,457.0,157.6,115.3,324.6,38.0,,30.8,6.3,1.9,140.2,
NL,Netherlands,2001,,437.2,148.7,110.8,318.3,37.6,,38.7,5.9,2.4,125.5,
NL,Netherlands,2002,,433.5,140.7,112.1,317.1,37.7,,36.5,6.0,1.8,125.2,
NL,Netherlands,2003,,419.1,134.8,104.1,313.1,37.4,,33.6,5.9,1.4,130.1,
NL,Netherlands,2004,,392.6,120.6,98.2,312.4,36.5,,32.7,5.8,1.3,114.6,
NL,Netherlands,2005,,373.4,111.8,90.2,312.2,37.5,,32.0,5.8,1.5,126.0,
NL,Netherlands,2006,,351.2,102.6,84.2,307.1,37.6,,29.1,5.6,1.3,117.6,
NL,Netherlands,2007,,335.2,95.4,78.0,303.0,37.8,73.3,26.5,5.7,1.3,112.6,
NL,Netherlands,2008,,321.5,89.3,74.4,303.4,36.8,72.9,25.2,5.6,1.3,111.7,
NL,Netherlands,2009,,303.4,81.5,70.5,301.3,36.3,71.7,23.4,5.5,1.5,110.1,
NL,Netherlands,2010,,297.1,77.5,67.7,302.6,37.1,72.0,22.5,5.0,1.1,99.9,
NL,Netherlands,2011,1005.66,294.87,74.4,65.27,300.61,36.53,72.45,20.77,5.13,1.3,102.83,
NL,Netherlands,2012,1021.54,289.98,71.63,64.08,297.76,37.39,69.45,20.57,5.13,1.28,109.21,
NL,Netherlands,2013,1003.64,282.89,66.54,69.15,284.39,33.9,67.6,20.91,4.73,2.72,90.12,
NL,Netherlands,2014,958.23,271.86,62.44,67.03,282.24,32.9,66.72,19.33,4.92,2.6,74.15,
NL,Netherlands,2015,991.78,275.39,61.64,67.24,283.99,33.47,65.77,19.52,5.04,2.93,87.87,
NL,Netherlands,2016,980.31,264.42,58.12,64.82,285.05,33.1,65.98,19.23,5.29,3.0,80.66,
NL,Netherlands,2017,967.83,254.42,54.49,61.3,276.68,31.67,62.71,18.19,5.17,2.95,85.73,
NL,Netherlands,2018,,246.67,53.9,59.97,269.77,30.64,61.21,17.04,5.18,3.25,90.63,
NL,Netherlands,2019,,239.04,51.6,59.18,266.63,28.92,59.19,16.89,5.03,2.76,79.28,
NL,Netherlands,2020,,219.67,48.91,54.89,261.26,27.11,57.2,17.04,5.35,2.99,64.3,
NL,Netherlands,2021,,219.85,48.19,54.74,256.18,26.26,56.16,16.79,5.07,3.0,60.14,
NL,Netherlands,2022,990.08,225.66,48.98,55.04,254.05,25.65,55.33,17.03,5.41,3.25,76.05,
NL,Netherlands,2023,965.04,220.6,46.9,54.08,247.64,24.64,52.97,16.27,5.22,3.34,81.01,
PL,Poland,1994,,1032.7,169.3,140.8,314.7,31.6,,24.1,17.0,3.7,61.3,
PL,Poland,1995,,1000.7,164.4,140.9,318.6,32.3,,21.8,17.5,5.1,63.7,
PL,Poland,1996,,991.8,163.9,145.6,317.6,33.0,,21.7,16.8,4.3,69.0,
PL,Poland,1999,,887.9,258.8,201.4,321.0,33.8,,23.0,18.9,4.4,86.3,
PL,Poland,2000,,847.2,250.2,195.7,329.8,35.6,,22.0,18.0,3.7,87.0,
PL,Poland,2001,,829.3,238.8,196.6,332.2,36.4,,21.4,17.1,3.9,73.2,
PL,Poland,2002,,800.4,227.2,188.6,332.5,36.4,,21.4,16.3,3.5,71.2,
PL,Poland,2003,,806.1,226.0,182.0,329.2,36.2,,21.4,15.9,3.9,78.2,
PL,Poland,2004,,766.0,212.4,173.9,328.8,36.1,,20.3,17.2,4.4,74.3,
PL,Poland,2005,,741.5,209.2,166.2,325.8,35.9,74.6,21.6,18.3,4.3,79.9,
PL,Poland,2006,,717.1,203.4,158.6,323.9,35.8,74.4,23.1,18.6,5.0,76.2,
PL,Poland,2007,,705.5,189.0,151.8,322.8,36.3,74.4,24.0,20.3,5.5,76.9,
PL,Poland,2008,,687.4,188.1,144.2,317.6,37.0,74.4,24.4,20.7,5.2,74.4,
PL,Poland,2009,,687.3,179.7,137.3,312.7,36.7,72.6,24.4,19.3,4.4,77.3,
PL,Poland,2010,,650.6,166.5,130.8,304.2,37.0,71.6,23.0,17.5,3.9,70.4,
PL,Poland,2011,1330.31,641.58,170.14,130.43,297.62,35.8,69.74,23.58,17.66,4.62,72.75,
PL,Poland,2012,1333.2,655.38,158.31,123.29,300.18,36.97,69.68,24.61,17.96,4.24,71.98,
PL,Poland,2013,1308.16,635.35,140.1,114.04,292.43,36.11,68.41,24.93,16.91,3.66,79.8,
PL,Poland,2014,1241.07,591.41,129.09,105.26,292.31,35.95,69.18,22.33,15.8,3.55,69.11,
PL,Poland,2015,1273.62,610.48,128.79,101.06,304.48,37.83,69.55,26.68,15.82,5.28,80.5,
PL,Poland,2016,1218.22,552.73,125.36,93.79,297.42,37.13,68.85,26.18,17.07,6.95,73.58,
PL,Poland,2017,1239.64,537.14,141.22,96.45,290.51,36.64,66.25,27.06,18.31,7.91,83.04,
PL,Poland,2018,,526.13,133.6,92.27,291.23,36.59,66.22,27.16,19.57,8.13,84.85,
PL,Poland,2019,,492.49,136.62,86.92,283.38,35.81,63.61,27.53,19.91,8.59,81.68,
PL,Poland,2020,,523.79,161.47,96.71,279.72,35.63,60.48,35.78,21.45,10.05,84.96,
PL,Poland,2021,,541.44,218.75,93.24,259.86,32.78,56.39,31.55,22.11,8.29,82.34,
PL,Poland,2022,1317.13,489.57,194.61,96.0,268.0,34.44,56.7,32.05,22.77,9.34,88.91,
PL,Poland,2023,1182.22,450.96,185.6,89.87,274.01,33.91,59.12,28.12,20.73,7.23,88.86,
PT,Portugal,1994,,678.4,131.8,368.7,253.5,32.9,31.5,44.3,27.0,0.7,112.1,
PT,Portugal,1995,,670.4,128.6,365.6,261.6,35.2,32.0,42.4,26.6,0.8,123.3,
PT,Portugal,1996,,668.6,130.2,358.5,260.6,34.7,31.9,40.7,27.5,0.9,126.8,
PT,Portugal,1997,,611.8,124.8,321.5,257.8,35.0,32.2,42.4,25.1,0.7,132.4,
PT,Portugal,1998,,600.5,124.5,312.2,257.4,34.7,33.7,44.1,23.6,0.7,134.0,
PT,Portugal,1999,,578.3,119.6,300.8,254.4,36.2,31.9,43.3,21.5,0.7,155.3,
PT,Portugal,2000,,542.9,114.0,280.1,254.3,34.6,32.8,39.1,20.1,0.6,136.9,
PT,Portugal,2001,,520.9,111.3,263.2,254.3,37.4,32.1,48.2,21.3,1.0,115.1,
PT,Portugal,2002,,514.2,114.8,247.1,253.5,36.1,33.6,53.1,17.7,1.6,116.9,
PT,Portugal,2003,,508.9,114.7,238.3,254.9,36.7,34.5,53.6,16.8,1.1,120.1,
PT,Portugal,2004,,451.5,104.0,205.2,246.8,36.5,33.2,51.9,16.9,1.2,106.8,
PT,Portugal,2005,,438.4,99.8,194.6,246.8,36.6,34.0,51.8,15.7,1.1,136.4,
PT,Portugal,2006,,381.2,86.7,167.4,236.7,36.0,33.6,41.4,13.7,1.0,135.0,
PT,Portugal,2007,,385.9,89.0,168.7,245.5,36.9,34.7,47.5,14.9,1.2,124.9,
PT,Portugal,2008,,371.6,83.6,160.2,247.2,37.8,33.5,45.3,13.4,1.4,128.7,
PT,Portugal,2009,,357.5,79.4,152.4,246.3,37.1,34.3,47.8,13.4,1.3,131.2,
PT,Portugal,2010,,347.6,76.1,147.9,246.8,37.4,35.9,47.7,13.1,1.4,122.1,
PT,Portugal,2011,1028.98,321.67,69.0,134.05,246.73,37.16,35.5,44.6,12.56,1.08,122.72,
PT,Portugal,2012,1055.79,325.1,68.04,133.14,244.83,36.35,34.88,46.94,11.61,0.93,139.41,
PT,Portugal,2013,1024.83,304.77,65.6,118.31,242.99,36.1,37.56,42.74,11.11,0.76,123.7,
PT,Portugal,2014,991.41,305.76,69.6,111.01,242.14,35.04,36.36,39.53,10.86,0.83,116.65,
PT,Portugal,2015,1005.36,300.01,67.03,108.31,241.64,34.92,36.93,39.79,9.66,0.76,126.0,
PT,Portugal,2016,1005.03,296.73,66.0,105.61,245.79,34.86,37.08,38.69,10.66,0.82,122.74,
PT,Portugal,2017,980.61,287.08,64.03,99.35,243.5,33.94,37.77,36.27,9.41,0.77,114.99,
PT,Portugal,2018,,287.05,62.71,97.47,243.42,33.0,37.94,36.71,9.61,0.8,116.59,
PT,Portugal,2019,,278.95,60.66,93.32,244.89,32.49,38.22,32.12,9.99,0.88,105.37,
PT,Portugal,2020,,285.0,57.57,95.25,240.46,32.02,37.15,33.94,9.87,1.0,94.51,
PT,Portugal,2021,,247.92,53.56,75.25,226.14,29.06,36.52,27.04,9.73,0.92,80.49,
PT,Portugal,2022,947.32,237.9,52.74,71.53,219.51,27.85,35.35,27.51,8.78,0.75,89.96,
PT,Portugal,2023,885.63,220.81,48.78,67.01,218.22,27.75,35.44,23.71,7.92,0.74,95.48,
RO,Romania,1999,,1379.8,463.2,433.9,234.9,23.4,44.6,12.2,59.9,5.0,121.9,
RO,Romania,2000,,1286.0,429.2,406.2,243.3,24.3,47.4,11.5,58.1,4.4,106.4,
RO,Romania,2001,,1282.5,426.5,405.9,252.2,26.5,48.1,10.9,64.3,4.8,100.1,
RO,Romania,2002,,1337.1,436.1,420.3,252.1,26.6,47.9,11.5,65.1,5.7,108.3,
RO,Romania,2003,,1293.3,416.9,413.1,250.8,26.6,47.7,12.7,59.8,5.1,97.2,
RO,Romania,2004,,1217.9,400.3,394.0,250.6,26.6,47.1,13.0,57.2,4.1,93.4,
RO,Romania,2005,,1218.8,398.5,400.9,254.1,27.8,49.4,12.5,55.0,3.1,88.5,
RO,Romania,2006,,1163.1,389.0,382.6,254.9,29.0,49.3,12.4,51.7,0.9,82.2,
RO,Romania,2007,,1084.7,365.4,347.6,252.9,28.9,49.4,13.3,53.1,0.9,80.4,
RO,Romania,2008,,1044.7,352.4,323.3,257.5,29.5,50.6,12.9,56.9,1.1,75.6,
RO,Romania,2009,,1028.0,343.5,318.0,261.7,30.9,51.9,13.2,60.4,1.1,77.5,
RO,Romania,2010,,1016.3,342.9,314.2,261.6,30.9,51.9,14.1,60.8,1.0,75.5,
RO,Romania,2011,1604.05,1043.44,345.96,317.17,265.43,31.41,52.75,12.58,51.06,0.72,76.4,
RO,Romania,2012,1606.48,1043.25,346.61,312.06,268.67,32.88,53.11,13.07,50.49,0.56,81.24,
RO,Romania,2013,1520.65,968.6,323.9,295.0,269.76,32.5,53.17,12.52,46.73,0.6,75.66,
RO,Romania,2014,1516.64,950.84,319.95,279.26,273.22,32.39,54.17,12.58,47.77,1.44,78.4,
RO,Romania,2015,1529.97,955.16,324.98,269.85,275.33,33.66,54.85,13.99,45.67,1.17,86.25,
RO,Romania,2016,1479.39,900.25,299.93,256.69,277.32,35.16,54.02,14.8,46.5,1.39,81.99,
RO,Romania,2017,1479.85,892.82,294.47,251.26,275.59,34.51,53.92,14.06,47.33,1.28,86.86,
RO,Romania,2018,,873.55,289.81,247.15,273.22,35.03,52.61,15.04,47.87,1.13,94.6,
RO,Romania,2019,,830.59,282.9,220.15,264.2,33.82,51.13,15.52,46.8,1.26,96.51,
RO,Romania,2020,,918.16,311.92,230.92,260.34,34.27,49.08,21.39,46.08,1.24,115.31,
RO,Romania,2021,,1005.42,333.78,245.55,243.19,33.45,43.72,23.43,46.37,1.49,130.11,
RO,Romania,2022,1570.46,924.54,307.13,224.6,240.82,33.68,44.59,19.6,44.89,1.35,113.1,
RO,Romania,2023,1376.06,787.06,257.26,187.66,241.53,33.11,45.52,15.67,39.69,1.11,108.93,
SE,Sweden,1994,,590.7,303.9,129.5,258.7,31.1,35.8,18.8,7.1,4.3,91.4,
SE,Sweden,1995,,593.4,306.3,126.8,262.9,31.9,37.1,20.3,7.5,3.9,93.7,
SE,Sweden,1996,,577.8,290.4,127.0,261.5,31.3,37.0,19.7,6.4,3.6,98.8,
SE,Sweden,1997,,559.2,273.4,128.6,266.9,29.9,37.6,20.4,5.8,5.8,86.9,
SE,Sweden,1998,,551.8,266.8,128.0,261.6,30.3,36.8,19.2,7.0,6.1,78.7,
SE,Sweden,1999,,540.6,258.2,124.4,260.2,30.0,37.6,21.9,6.8,5.8,84.0,
SE,Sweden,2000,,519.4,242.8,121.6,258.6,30.6,37.4,21.3,6.5,5.2,80.7,
SE,Sweden,2001,,506.6,237.7,117.7,262.3,31.8,39.0,22.3,7.1,3.8,72.3,
SE,Sweden,2002,,498.2,233.8,117.1,257.4,30.7,38.6,22.7,7.2,4.3,77.5,
SE,Sweden,2003,,480.7,224.9,111.3,258.9,30.5,38.5,22.4,7.5,4.6,73.2,
SE,Sweden,2004,,450.4,208.6,104.1,259.2,30.1,40.2,22.8,7.2,4.9,66.5,
SE,Sweden,2005,,438.0,202.2,94.9,257.1,29.9,41.9,22.8,7.5,3.8,70.6,
SE,Sweden,2006,,427.9,198.2,91.6,255.6,30.8,41.1,22.6,7.5,3.4,63.2,
SE,Sweden,2007,,416.4,186.0,87.1,251.1,30.5,40.3,22.0,7.0,3.5,63.2,
SE,Sweden,2008,,406.3,180.4,90.7,247.1,30.5,41.1,22.2,7.2,3.3,64.2,
SE,Sweden,2009,,388.0,168.3,85.7,244.1,29.7,39.8,21.2,6.8,3.3,62.4,
SE,Sweden,2010,,381.3,160.6,80.7,240.0,28.9,40.2,21.0,6.6,2.9,54.7,
SE,Sweden,2011,970.16,378.19,155.23,81.14,238.32,29.72,40.07,21.2,6.5,2.66,62.13,
SE,Sweden,2012,979.82,373.36,150.54,78.07,239.6,29.14,38.99,21.03,7.17,2.01,66.33,
SE,Sweden,2013,950.13,354.16,139.22,72.74,236.86,29.5,38.83,20.92,6.3,2.01,64.24,
SE,Sweden,2014,922.22,338.37,131.21,68.31,234.75,29.2,38.65,19.58,7.31,2.38,58.08,
SE,Sweden,2015,926.7,326.58,123.92,63.08,231.57,28.72,37.49,20.69,6.68,2.28,65.37,
SE,Sweden,2016,913.05,318.63,117.35,61.48,229.4,28.25,37.58,20.8,7.52,2.25,62.97,
SE,Sweden,2017,909.21,307.45,111.04,56.84,229.56,27.62,37.95,22.21,6.97,2.35,66.59,
SE,Sweden,2018,,296.34,105.76,55.53,221.32,26.29,35.27,21.13,7.09,2.6,68.16,
SE,Sweden,2019,,272.03,95.69,50.42,216.67,26.3,34.27,19.99,7.29,3.08,59.14,
SE,Sweden,2020,,267.3,92.66,48.81,214.14,26.38,33.53,21.98,6.83,2.96,52.2,
SE,Sweden,2021,,257.05,88.64,47.32,206.62,25.66,32.52,20.79,7.12,3.11,46.71,
SE,Sweden,2022,857.39,258.72,85.51,44.6,205.02,25.55,31.73,21.13,7.67,2.83,55.83,
SE,Sweden,2023,836.21,246.88,81.35,42.55,202.58,25.69,31.51,20.95,7.73,3.46,58.09,
SI,Slovenia,1994,,807.7,270.9,228.9,328.8,41.5,62.4,37.4,43.9,5.4,110.6,
SI,Slovenia,1995,,736.7,208.1,217.2,334.2,49.7,64.6,45.6,42.6,5.9,137.0,
SI,Slovenia,1996,,713.0,203.7,212.9,332.0,45.1,61.8,35.2,40.2,4.5,125.1,
SI,Slovenia,1997,,670.4,236.8,192.7,346.9,47.8,61.5,59.9,36.1,7.5,148.1,
SI,Slovenia,1998,,684.5,234.0,187.4,334.1,44.8,59.8,37.4,36.8,6.4,138.3,
SI,Slovenia,1999,,655.5,220.6,182.6,329.8,45.8,62.5,32.4,38.8,5.7,135.4,
SI,Slovenia,2000,,620.9,201.0,167.5,326.3,43.8,58.9,39.2,40.6,7.1,124.3,
SI,Slovenia,2001,,587.9,189.9,158.2,323.8,41.8,58.6,42.8,41.8,7.4,112.5,
SI,Slovenia,2002,,585.1,172.4,162.8,327.7,46.4,57.8,45.5,36.6,7.8,117.0,
SI,Slovenia,2003,,595.4,180.3,159.1,324.9,47.9,60.9,51.0,39.3,5.5,129.7,
SI,Slovenia,2004,,553.0,156.5,143.3,317.8,43.8,61.6,45.7,34.5,5.3,117.4,
SI,Slovenia,2005,,585.1,153.3,126.2,316.2,41.8,62.4,37.6,27.6,4.8,107.2,
SI,Slovenia,2006,,527.4,128.5,105.1,319.1,42.7,60.1,26.5,30.6,3.8,91.5,
SI,Slovenia,2007,,531.9,126.8,114.9,327.3,47.8,63.2,17.5,33.2,3.4,74.2,
SI,Slovenia,2008,,481.7,124.6,127.7,329.5,44.9,60.8,16.7,32.5,5.7,76.8,
SI,Slovenia,2009,,478.0,120.7,136.9,324.4,45.6,55.9,13.7,32.1,5.8,81.6,
SI,Slovenia,2010,,451.5,121.3,119.5,324.5,44.7,59.7,14.2,31.3,6.9,69.5,
SI,Slovenia,2011,1104.39,466.33,125.49,114.79,319.11,43.36,58.61,16.11,29.56,6.34,76.33,
SI,Slovenia,2012,1096.6,466.18,119.03,115.1,305.81,40.87,57.19,18.26,30.77,7.88,87.08,
SI,Slovenia,2013,1072.08,451.54,111.25,110.15,314.66,41.3,54.73,18.01,27.19,9.64,80.41,
SI,Slovenia,2014,1018.63,451.26,102.82,108.45,299.91,38.38,58.57,15.36,24.11,9.67,66.34,
SI,Slovenia,2015,1041.14,449.64,113.08,105.61,310.52,39.55,58.97,16.84,20.44,12.83,71.38,
SI,Slovenia,2016,1013.64,431.65,99.32,104.38,308.51,39.12,58.28,15.21,17.94,13.88,67.88,
SI,Slovenia,2017,1014.74,421.22,99.82,100.34,304.76,33.38,58.38,16.39,17.69,16.48,65.54,
SI,Slovenia,2018,,403.43,97.32,99.06,309.31,36.1,56.28,14.4,19.42,16.47,53.93,
SI,Slovenia,2019,,393.6,91.13,94.32,290.1,31.73,55.6,19.19,18.72,21.39,52.38,
SI,Slovenia,2020,,377.11,83.79,91.93,290.66,30.86,53.25,20.93,17.55,17.33,38.59,
SI,Slovenia,2021,,361.2,88.73,87.93,277.34,29.81,51.35,22.17,16.66,15.61,31.52,
SI,Slovenia,2022,999.03,332.86,83.47,81.19,280.45,27.6,47.61,14.39,13.74,15.69,31.48,
SI,Slovenia,2023,931.91,351.95,86.22,84.62,286.91,27.65,50.82,14.02,12.44,20.42,34.73,
SK,Slovakia,1996,,1044.6,519.3,183.6,335.8,48.8,62.0,19.2,24.2,0.2,139.3,
SK,Slovakia,1997,,1057.6,520.4,182.7,335.9,50.2,61.8,19.8,26.0,0.3,138.8,
SK,Slovakia,1998,,1100.6,532.4,190.7,364.3,55.9,64.0,24.1,32.0,0.1,86.0,
SK,Slovakia,1999,,1037.2,533.6,166.4,349.6,57.6,61.2,32.8,33.0,,93.2,
SK,Slovakia,2000,,1047.9,577.4,168.5,349.4,54.2,63.8,24.1,31.6,,104.6,
SK,Slovakia,2001,,1057.4,573.5,172.3,343.9,53.7,59.4,23.5,30.8,,98.5,
SK,Slovakia,2002,,1033.0,561.5,173.7,328.5,53.1,56.0,22.3,32.5,0.0,104.7,
SK,Slovakia,2003,,1037.0,580.1,172.8,325.5,51.8,54.2,24.0,30.3,,112.1,
SK,Slovakia,2004,,1007.3,560.7,167.5,321.6,52.2,54.9,22.6,27.6,0.0,100.8,
SK,Slovakia,2005,,1025.4,550.1,148.6,323.6,51.9,55.8,21.9,30.9,,104.0,
SK,Slovakia,2006,,996.8,496.0,135.4,314.7,51.4,53.3,21.7,31.4,,95.6,
SK,Slovakia,2007,,960.9,535.9,168.8,316.3,49.9,52.4,18.6,31.8,,99.1,
SK,Slovakia,2008,,914.3,562.6,193.2,312.5,50.3,52.5,18.1,31.1,,91.2,
SK,Slovakia,2009,,885.7,542.3,184.1,305.3,47.9,51.2,19.3,30.0,0.0,93.8,
SK,Slovakia,2010,,877.9,528.6,177.6,307.5,47.0,52.1,18.2,28.0,,97.1,
SK,Slovakia,2011,1475.48,746.47,436.36,165.9,326.0,52.36,53.58,21.91,31.05,2.1,92.28,
SK,Slovakia,2012,1465.34,714.17,428.89,160.78,319.84,51.68,52.75,25.66,33.07,1.91,87.97,
SK,Slovakia,2013,1418.12,711.72,433.33,144.77,327.06,53.59,52.06,20.54,27.47,1.42,86.05,
SK,Slovakia,2014,1353.52,654.61,388.89,145.02,324.07,49.15,49.99,23.06,27.25,2.97,74.9,
SK,Slovakia,2015,1390.61,662.32,399.45,148.75,320.16,49.48,50.37,18.75,29.03,2.53,92.18,
SK,Slovakia,2016,1323.93,620.27,359.25,141.75,315.13,49.53,51.27,18.72,28.16,2.7,78.64,
SK,Slovakia,2017,1335.86,644.24,370.26,132.72,311.36,46.36,48.95,17.5,26.04,2.63,94.59,
SK,Slovakia,2018,,597.11,333.38,122.55,310.64,47.81,48.89,19.73,32.82,3.26,86.96,
SK,Slovakia,2019,,567.83,328.41,104.45,293.29,44.26,43.74,15.87,31.57,4.46,78.57,
SK,Slovakia,2020,,607.09,379.52,112.31,301.78,46.29,47.54,19.0,30.93,3.71,94.86,
SK,Slovakia,2021,,641.22,397.68,116.96,275.1,41.37,41.38,18.14,34.39,3.05,158.13,
SK,Slovakia,2022,1381.0,627.77,382.68,113.18,267.67,38.98,41.58,16.59,34.53,2.76,128.8,
SK,Slovakia,2023,1215.64,600.47,340.14,79.97,270.25,35.83,41.28,10.76,27.54,1.09,104.88,
